Nom premier hôtel,Phone number,Google maps link,Adresse
The Tourist Hotel & Cafe Akihabara,03-6806-0308,https://maps.google.com/?cid=1362432029353315237,"1-chōme-6-6 Taitō, Taito City, Tokyo 110-0016, Japan"
Asakusa View Hotel Annex Rokku,0570-003-235,https://maps.google.com/?cid=16266720147423180527,"2-chōme-9-10 Asakusa, Taito City, Tokyo 111-0032, Japan"
OMO3 Tokyo Akasaka by Hoshino Resorts,050-3134-8095,https://maps.google.com/?cid=5458771663436051778,"4-chōme-3-2 Akasaka, Minato City, Tokyo 107-0052, Japan"
"HOTEL GROOVE SHINJUKU, A PARKROYAL Hotel",03-6233-8888,https://maps.google.com/?cid=13938664711029483214,"東急歌舞伎町タワ, 1-chōme-29-1 Kabukichō, Shinjuku City, Tokyo 160-0021, Japan"
The Blossom Hibiya,03-3591-8702,https://maps.google.com/?cid=6461953290758206689,"1-chōme-1-13 Shinbashi, Minato City, Tokyo 105-0004, Japan"
Hotel Metropolitan Tokyo Ikebukuro,03-3980-1111,https://maps.google.com/?cid=1669693716906684867,"1-chōme-6-1 Nishiikebukuro, Toshima City, Tokyo 171-8505, Japan"
Keio Plaza Hotel Tokyo PremierGrand,03-3344-0111,https://maps.google.com/?cid=15123209713363761362,"2-chōme-2-1 Nishishinjuku, Shinjuku City, Tokyo 160-0023, Japan"
Richmond Hotel Premier Asakusa,03-5806-3155,https://maps.google.com/?cid=14638168679095614495,"2-chōme-6-7 Asakusa, Taito City, Tokyo 111-0032, Japan"
The Knot Tokyo Shinjuku,03-3375-6511,https://maps.google.com/?cid=3571431522569493413,"4-chōme-31-1 Nishishinjuku, Shinjuku City, Tokyo 160-0023, Japan"
DEL style Ikebukuro Higashiguchi by Daiwa Roynet Hotel,03-6811-2880,https://maps.google.com/?cid=18083700517211325424,"1-chōme-20-8 Minamiikebukuro, Toshima City, Tokyo 171-0022, Japan"
Asakusa Tobu Hotel,03-3843-0111,https://maps.google.com/?cid=11890849318197681324,"1-chōme-1-15 Asakusa, Taito City, Tokyo 111-0032, Japan"
THE KANZASHI TOKYO ASAKUSA,03-5830-6151,https://maps.google.com/?cid=17266141858494357130,"2-chōme-27-10 Asakusa, Taito City, Tokyo 111-0032, Japan"
Citadines Shinjuku Tokyo,03-5379-7208,https://maps.google.com/?cid=6165522621038190385,"1-chōme-28-13 Shinjuku, Shinjuku City, Tokyo 160-0022, Japan"
Centurion Hotel Ikebukuro,03-6912-6031,https://maps.google.com/?cid=766085095324520739,"1-chōme-8-9 Higashiikebukuro, Toshima City, Tokyo 170-0013, Japan"
OMO7 Osaka by Hoshino Resorts,050-3134-8095,https://maps.google.com/?cid=10904178204825139386,"3-chōme-16-30 Ebisunishi, Naniwa Ward, Osaka, 556-0003, Japan"
Hotel Forza Osaka Namba Dotonbori,06-6214-3111,https://maps.google.com/?cid=14190180451886336385,"Japan, 〒542-0071 Osaka, Chuo Ward, Dōtonbori, 1-chōme−4−２２ クロードビル 3F"
THE GATE HOTEL Kaminarimon by HULIC,03-5826-3877,https://maps.google.com/?cid=8590552913475869460,"Japan, 〒111-0034 Tokyo, Taito City, 台東区Kaminarimon, 2-chōme−16−１１ ザ・ゲートホテル"
Shinagawa Prince Hotel,03-3440-1111,https://maps.google.com/?cid=8514892045408078256,"4-chōme-10-30 Takanawa, Minato City, Tokyo 108-8611, Japan"
DEL style @ Shin Umeda by Daiwa Roynet,06-4797-6186,https://maps.google.com/?cid=15512884787276080597,"6-chōme-16-1 Fukushima, Fukushima Ward, Osaka, 553-0003, Japan"
Hotel Sunroute Asakusa,03-3847-1511,https://maps.google.com/?cid=266544274353448728,"Japan, 〒111-0034 Tokyo, Taito City, Kaminarimon, 1-chōme−8−５ ホテルサンルート浅草"
OMO5 Tokyo Gotanda by Hoshino Resorts,050-3134-8095,https://maps.google.com/?cid=1597647237912251922,"8-chōme-4-13 Nishigotanda, Shinagawa City, Tokyo 141-0031, Japan"
Hotel Niwa Tokyo,03-3293-0028,https://maps.google.com/?cid=4427002971880532456,"Japan, 〒101-0061 Tokyo, Chiyoda City, Misakichō, 1-chōme−1−１６ 1F"
Villa Fontaine Grand Osaka-Umeda,06-6360-7531,https://maps.google.com/?cid=1591024647832481086,"2-chōme-15-15番９号 Sonezaki, Kita Ward, Osaka, 530-0057, Japan"
Hotel Century Southern Tower,03-5354-0111,https://maps.google.com/?cid=14431332047679942614,"2-chōme-2-1 Yoyogi, Shibuya, Tokyo 151-8583, Japan"
Henn na Hotel Tokyo Asakusa Tawaramachi Premier,050-5210-5250,https://maps.google.com/?cid=10538945063344366281,"Japan, 〒111-0042 Tokyo, Taito City, Kotobuki, 3-chōme−19−８ シンエイ本社ビル"
ALFIT HOTEL & BAR AKASAKA,03-6441-0471,https://maps.google.com/?cid=6478595990477969253,"2-chōme-14-34 Akasaka, Minato City, Tokyo 107-0052, Japan"
Hotel Rose Garden Shinjuku,03-3360-1533,https://maps.google.com/?cid=2481482730927510866,"8-chōme-1-3 Nishishinjuku, Shinjuku City, Tokyo 160-0023, Japan"
Park Hotel Tokyo,03-6252-1111,https://maps.google.com/?cid=185463130339643607,"Japan, 〒105-7227 Tokyo, Minato City, Higashishinbashi, 1-chōme−7−１ 汐留メディアタワー フロント 25F"
Grand Prince Hotel Osaka Bay,06-6612-1234,https://maps.google.com/?cid=9919744955643425465,"1-chōme-13-11 Nankōkita, Suminoe Ward, Osaka, 559-0034, Japan"
Nohga Hotel Akihabara Tokyo,03-6206-0569,https://maps.google.com/?cid=2617484077686734972,"3-chōme-10-11 Sotokanda, Chiyoda City, Tokyo 101-0021, Japan"
Swissôtel Nankai Osaka,06-6646-1111,https://maps.google.com/?cid=5181044893444391229,"5-chōme-1-60 Namba, Chuo Ward, Osaka, 542-0076, Japan"
Prostyle Ryokan Asakusa,03-5830-6015,https://maps.google.com/?cid=14474534096816434010,"Japan, 〒111-0033 Tokyo, Taito City, Hanakawado, 2-chōme−12−１１ Prostyle 旅館 東京浅草"
The Prince Park Tower Tokyo,03-5400-1111,https://maps.google.com/?cid=16935356292708963318,"Japan, 〒105-8563 Tokyo, Minato City, Shibakōen, 4-chōme−8−１ ザ・プリンス パークタワー東京"
Nishitetsu Inn Shinjuku,03-3367-5454,https://maps.google.com/?cid=378136885016254674,"7-chōme-23-2 Nishishinjuku, Shinjuku City, Tokyo 160-0023, Japan"
Shiba Park Hotel,03-3433-4141,https://maps.google.com/?cid=16011219555726224008,"1-chōme-5-10 Shibakōen, Minato City, Tokyo 105-0011, Japan"
Zentis Osaka,06-4796-0111,https://maps.google.com/?cid=3268535993116507316,"Japan, 〒530-0004 Osaka, Kita Ward, Dōjimahama, 1-chōme−4−２６ Zentis Osaka"
Tsukikusa-an Machiya,050-3786-2009,https://maps.google.com/?cid=1854018695548451429,"440-8 Nishigomonchō, Higashiyama Ward, Kyoto, 605-0816, Japan"
Keio Prelia Hotel Kyoto Karasuma Gojo,075-352-5111,https://maps.google.com/?cid=9403573151853628145,"Japan, 〒600-8418 Kyoto, Shimogyo Ward, Gojōkarasumachō, ３９６ 京王プレリアホテル 1F"
Minn Asakusa Kappabashi,050-3188-1063,https://maps.google.com/?cid=2972175821443067641,"3-chōme-25-13 Nishiasakusa, Taito City, Tokyo 111-0035, Japan"
Citadines Namba Osaka,06-6695-7150,https://maps.google.com/?cid=2884774261130713554,"3-chōme-5-25 Nipponbashi, Naniwa Ward, Osaka, 556-0005, Japan"
MIMARU SUITES Tokyo Asakusa,03-6284-7566,https://maps.google.com/?cid=2621543742583962932,"1-chōme-10-13 Hanakawado, Taito City, Tokyo 111-0033, Japan"
Richmond Hotel Premier Tokyo Schole,03-5819-0731,https://maps.google.com/?cid=8768294694407101051,"1-chōme-10-3 Oshiage, Sumida City, Tokyo 131-0045, Japan"
"Mandarin Oriental, Tokyo",03-3270-8800,https://maps.google.com/?cid=4801803014329312353,"2-chōme-1-1 Nihonbashimuromachi, Chuo City, Tokyo 103-8328, Japan"
"The Ritz-Carlton, Osaka",06-6343-7000,https://maps.google.com/?cid=12999871427497016376,"2-chōme-5-25 Umeda, Kita Ward, Osaka, 530-0001, Japan"
GRIDS PREMIUM HOTEL OSAKA NAMBA,06-6641-5801,https://maps.google.com/?cid=569538214132908498,"1-chōme-7-7 Nanbanaka, Naniwa Ward, Osaka, 556-0011, Japan"
Patina Osaka パティーナ大阪,06-6941-8888,https://maps.google.com/?cid=1397153970431032509,"Japan, 〒540-0007 Osaka, Chuo Ward, Banbachō, 3−９１ パティーナ大阪"
Tobu Hotel Levant Tokyo,03-5611-5511,https://maps.google.com/?cid=14691111521275940280,"1-chōme-2-2 Kinshi, Sumida City, Tokyo 130-0013, Japan"
Hakone Kowakien Ten-yu,0465-20-0260,https://maps.google.com/?cid=10776354191264277083,"1297 Ninotaira, Hakone, Ashigarashimo District, Kanagawa 250-0407, Japan"
Hotel Hankyu Gran Respire Osaka,06-6372-8506,https://maps.google.com/?cid=14606643419894988792,"Japan, 〒530-0011 Osaka, Kita Ward, Ōfukachō, ５番５４ グラングリーン大阪 南館"
Hotel Villa Fontaine Ueno,03-5833-5550,https://maps.google.com/?cid=2610998773126984821,"2-chōme-4-4 Kojima, Taito City, Tokyo 111-0056, Japan"
the b shimbashi,03-3501-2500,https://maps.google.com/?cid=2234418413128536570,"1-chōme-17-13 Nishishinbashi, Minato City, Tokyo 105-0003, Japan"
illi Com Shimokitazawa,050-1720-7210,https://maps.google.com/?cid=13698361113801620901,"Japan, 〒155-0031 Tokyo, Setagaya City, Kitazawa, 2-chōme−15−１７ 4F-5F"
Mitsui Garden Hotel Shiodome Italia-gai,03-3431-1131,https://maps.google.com/?cid=15320153407470467081,"Japan, 〒105-0021 Tokyo, Minato City, Higashishinbashi, 2-chōme−14−２４ 三井ガーデンホテル汐留イタリア街 1階"
The Peninsula Tokyo,03-6270-2888,https://maps.google.com/?cid=12363285878359966179,"1-chōme-8-1 Yūrakuchō, Chiyoda City, Tokyo 100-0006, Japan"
Hilton Osaka,06-6347-7111,https://maps.google.com/?cid=12814768805384323866,"1-chōme-8-8 Umeda, Kita Ward, Osaka, 530-0001, Japan"
The Okura Tokyo,03-3582-0111,https://maps.google.com/?cid=3528441622244778882,"2-chōme-10-4 Toranomon, Minato City, Tokyo 105-0001, Japan"
Shinjuku Washington Hotel ANNEX,03-3343-3111,https://maps.google.com/?cid=578178371376921390,"3-chōme-2-9 Nishishinjuku, Shinjuku City, Tokyo 160-8336, Japan"
Sotetsu Fresa Inn Shimbashi Hibiyaguchi,03-5157-2031,https://maps.google.com/?cid=2164133458119962353,"Japan, 〒105-0004 Tokyo, Minato City, Shinbashi, 1-chōme−14−３ 相鉄フレッサイン新橋 日比谷口2F"
The Capitol Hotel Tokyu,03-3503-0109,https://maps.google.com/?cid=18324205522351951820,"2-chōme-10-3 Nagatachō, Chiyoda City, Tokyo 100-0014, Japan"
Cross Hotel Osaka,06-6213-8281,https://maps.google.com/?cid=14281617034206022174,"2-chōme-5-15 Shinsaibashisuji, Chuo Ward, Osaka, 542-0085, Japan"
JR KYUSHU HOTEL Blossom Shinjuku,03-5333-8687,https://maps.google.com/?cid=8478747531044151851,"Japan, 〒151-0053 Tokyo, Shibuya, Yoyogi, 2-chōme−6−２ ＪＲ九州ホテルブラッサム新宿 １階"
RIHGA Royal Hotel Hiroshima,082-502-1121,https://maps.google.com/?cid=2793274772327511974,"6-78 Motomachi, Naka Ward, Hiroshima, 730-0011, Japan"
&Here TOKYO UENO,03-6240-1161,https://maps.google.com/?cid=9893200600166641858,"2-chōme-11-18 Ueno, Taito City, Tokyo 110-0005, Japan"
Tosei Hotel Cocone Asakusa Kuramae,03-3842-5541,https://maps.google.com/?cid=4969002095466174917,"2-chōme-3-3 Komagata, Taito City, Tokyo 111-0043, Japan"
NOHGA HOTEL UENO TOKYO,03-5816-0211,https://maps.google.com/?cid=13582207158481703769,"2-chōme-21-10 Higashiueno, Taito City, Tokyo 110-0015, Japan"
Shibuya Excel Hotel Tokyu,03-5457-0109,https://maps.google.com/?cid=18345569282918056042,"1-chōme-12-2 Dōgenzaka, Shibuya, Tokyo 150-0043, Japan"
the b ikebukuro,03-3980-1911,https://maps.google.com/?cid=9370746503280081282,"1-chōme-39-4 Higashiikebukuro, Toshima City, Tokyo 170-0013, Japan"
Mitsui Garden Hotel Jingugaien Tokyo PREMIER,03-5786-1531,https://maps.google.com/?cid=6116133225787996199,"11-3 Kasumigaokamachi, Shinjuku City, Tokyo 160-0013, Japan"
Nest Hotel Tokyo Hanzomon,03-6261-4022,https://maps.google.com/?cid=858057309655917251,"2-18 Hayabusachō, Chiyoda City, Tokyo 102-0092, Japan"
The Royal Park Hotel Iconic Osaka-Midosuji,06-4707-1111,https://maps.google.com/?cid=5573842255134121516,"Japan, 〒541-0046 Osaka, Chuo Ward, Hiranomachi, 4-chōme−2−３ 15F"
Hotel Keihan Asakusa,03-5830-0321,https://maps.google.com/?cid=14025352532828714057,"2-chōme-12-4 Asakusa, Taito City, Tokyo 111-0032, Japan"
Candeo Hotels Osaka Shinsaibashi,06-6926-8633,https://maps.google.com/?cid=6634114183801771927,"2-chōme-7-12 Shinsaibashisuji, Chuo Ward, Osaka, 542-0085, Japan"
Keio Plaza Hotel Sapporo,011-271-0111,https://maps.google.com/?cid=5681110938072784523,"7-chōme-２番地１ Kita 5 Jōnishi, Chuo Ward, Sapporo, Hokkaido 060-0005, Japan"
Hundred Stay,,https://maps.google.com/?cid=17760845236987718603,"Hundred Stay, 2-chōme-27-7 Hyakuninchō, Shinjuku City, Tokyo 169-0073, Japan"
Hotel Gracery Shinjuku,03-6833-1111,https://maps.google.com/?cid=11364248213360716905,"1-chōme-19-1 Kabukichō, Shinjuku City, Tokyo 160-8466, Japan"
Hotel Resol Stay Akihabara,03-3252-9269,https://maps.google.com/?cid=6783905293826111250,"2-chōme-17-10 Kanda Sudachō, Chiyoda City, Tokyo 101-0041, Japan"
Oriental Hotel Fukuoka Hakata Station,092-461-0170,https://maps.google.com/?cid=14768126831290939589,"4-23 Hakataekichūōgai, Hakata Ward, Fukuoka, 812-0012, Japan"
Sunshine City Prince Hotel,03-3988-1111,https://maps.google.com/?cid=9080942687599635468,"3-chōme-1-5 Higashiikebukuro, Toshima City, Tokyo 170-0013, Japan"
PLAYSIS EAST TOKYO,03-6658-4800,https://maps.google.com/?cid=17322576924311347965,"2-chōme-11-1 Azumabashi, Sumida City, Tokyo 130-0001, Japan"
Hotel Gracery Ginza,03-6686-1000,https://maps.google.com/?cid=16059974753036982713,"フロント, ３F, 7-chōme-10-1 Ginza, Chuo City, Tokyo 104-0061, Japan"
APA Hotel Nihombashi Bakuroyokoyama Ekimae,0570-038-511,https://maps.google.com/?cid=674772141847335612,"5-6 Nihonbashiyokoyamachō, Chuo City, Tokyo 103-0003, Japan"
Hotel Musse Ginza Meitetsu,03-3541-3535,https://maps.google.com/?cid=5857080470628310034,"7-chōme-12-9 Ginza, Chuo City, Tokyo 104-0061, Japan"
karaksa hotel colors Tokyo Yaesu,03-6880-6602,https://maps.google.com/?cid=4011957947109836630,"3-chōme-5-13 Nihonbashi, Chuo City, Tokyo 103-0027, Japan"
Hotel Intergate Kyoto Shijo Shinmachi,075-255-2221,https://maps.google.com/?cid=14009570186202493898,"387 Mukadeyachō, Nakagyo Ward, Kyoto, 604-8214, Japan"
Hotel Resol Ueno,03-3844-9269,https://maps.google.com/?cid=12822629159341960454,"7-chōme-2-9 Ueno, Taito City, Tokyo 110-0005, Japan"
STRATA Naha,098-860-7400,https://maps.google.com/?cid=12430817265158853698,"Japan, 〒900-0013 Okinawa, Naha, Makishi, 1-chōme−19−８ ホテルストレータ那覇"
Conrad Osaka,06-6222-0111,https://maps.google.com/?cid=10561270487337634692,"3-chōme-2-4 Nakanoshima, Kita Ward, Osaka, 530-0005, Japan"
Folio Sakura Shinsaibashi Osaka by Banyan Group,06-4963-2111,https://maps.google.com/?cid=4448061011499490593,"2-chōme-7-28 Minamisenba, Chuo Ward, Osaka, 542-0081, Japan"
Holiday Inn Kyoto Gojo by IHG,075-365-5111,https://maps.google.com/?cid=13747302399279695145,"179 Higashikazariyachō, Shimogyo Ward, Kyoto, 600-8107, Japan"
hotel MONday Asakusa,03-5830-8530,https://maps.google.com/?cid=6181019442301054108,"2-chōme-26-7 Asakusa, Taito City, Tokyo 111-0032, Japan"
Hotel Resol Ikebukuro,03-3985-9269,https://maps.google.com/?cid=16305181501711301753,"2-chōme-30-14 Minamiikebukuro, Toshima City, Tokyo 171-0022, Japan"
Fuji Kawaguchiko Resort Hotel,0555-73-3888,https://maps.google.com/?cid=11030311402166768932,"4902-2 Funatsu, Fujikawaguchiko, Minamitsuru District, Yamanashi 401-0301, Japan"
Mercure Kyoto Station,075-343-5533,https://maps.google.com/?cid=4287354066790349493,"288 Aburanokōjichō, Shimogyo Ward, Kyoto, 600-8231, Japan"
The Celestine Hotel Gion,075-532-3111,https://maps.google.com/?cid=5661629876227635659,"572 Komatsuchō, Higashiyama Ward, Kyoto, 605-0811, Japan"
Richmond Hotel Namba Daikokucho,06-6647-0055,https://maps.google.com/?cid=2715927112112380988,"1-chōme-8-31 Shikitsuhigashi, Naniwa Ward, Osaka, 556-0012, Japan"
Tamayura Hotel Asakusa,03-6802-7277,https://maps.google.com/?cid=16276623316721420701,"2-chōme-6-8 Komagata, Taito City, Tokyo 111-0043, Japan"
Hotel Ann Asakusa,03-5246-4407,https://maps.google.com/?cid=1229714422798925522,"2-chōme-10-6 Nishiasakusa, Taito City, Tokyo 111-0035, Japan"
OMO3 Asakusa by Hoshino Resorts,050-3134-8095,https://maps.google.com/?cid=16430815426086328946,"1-chōme-15-5 Hanakawado, Taito City, Tokyo 111-0033, Japan"
1899 Hotel,03-3432-1899,https://maps.google.com/?cid=9202266622527862749,"6-chōme-4-1 Shinbashi, Minato City, Tokyo 105-0004, Japan"
The Royal Park Canvas Osaka Kitahama,06-6220-1111,https://maps.google.com/?cid=6543990710798281602,"Japan, 〒541-0041 Osaka, Chuo Ward, Kitahama, 1-chōme−9−８ ｻﾞ･ﾛｲﾔﾙﾊﾟｰｸｷｬﾝﾊﾟｽ大阪北浜 1F"
Mercure Tokyu Stay Osaka Namba,06-6214-0109,https://maps.google.com/?cid=18000379915446391943,"2-chōme-2-4 Nishishinsaibashi, Chuo Ward, Osaka, 542-0086, Japan"
TOKYU STAY Fukuoka-Tenjin,092-762-0109,https://maps.google.com/?cid=15212356235943574999,"3-chōme-21-24 Haruyoshi, Chuo Ward, Fukuoka, 810-0003, Japan"
SOLARIA HOTEL KYOTO PREMIER,075-708-5757,https://maps.google.com/?cid=17115921815395863101,"Japan, 〒604-8001 Kyoto, Nakagyo Ward, Kamiōsakachō, ５０９番地"
ANA Crowne Plaza Matsuyama by IHG,089-933-5511,https://maps.google.com/?cid=6641554347393664152,"3-chōme-2-1 Ichibanchō, Matsuyama, Ehime 790-8520, Japan"
Hotel Sunroute Plaza Shinjuku,03-3375-3211,https://maps.google.com/?cid=17336541066380155223,"2-chōme-3-1 Yoyogi, Shibuya, Tokyo 151-0053, Japan"
KAIKA Tokyo by The Share Hotels,03-3625-2165,https://maps.google.com/?cid=4029986385367761378,"2-chōme-16-5 Honjo, Sumida City, Tokyo 130-0004, Japan"
InterContinental Osaka by IHG,06-6374-5700,https://maps.google.com/?cid=18311635378805131458,"3-3-60 Ōfukachō, Kita Ward, Osaka, 530-0011, Japan"
BON Condominium Umeda,050-1808-3496,https://maps.google.com/?cid=8067112486145635284,"3-chōme-1-4 Nakazakinishi, Kita Ward, Osaka, 530-0015, Japan"
Akasaka Granbell Hotel,03-5575-7130,https://maps.google.com/?cid=44235230812524145,"3-chōme-10-9 Akasaka, Minato City, Tokyo 107-0052, Japan"
Sotetsu Fresa Inn Kyoto Shijo Karasuma,075-284-2031,https://maps.google.com/?cid=12334816686044898240,"160 Dōjishachō, Shimogyo Ward, Kyoto, 600-8421, Japan"
Dusit Thani Kyoto,075-343-7150,https://maps.google.com/?cid=6637847254253158794,"466 Nishinotōinchō, Shimogyo Ward, Kyoto, 600-8327, Japan"
Edo Sakura,03-5808-1730,https://maps.google.com/?cid=14328651113843720319,"3-chōme-2-13 Shitaya, Taito City, Tokyo 110-0004, Japan"
the b asakusa,03-6284-7057,https://maps.google.com/?cid=8349917810121911820,"3-chōme-16-12 Nishiasakusa, Taito City, Tokyo 111-0035, Japan"
Agora Kyoto Karasuma,075-353-1118,https://maps.google.com/?cid=1174228949282520233,"701-1 Myōdenjichō, Shimogyo Ward, Kyoto, 600-8472, Japan"
Sotetsu Fresa Inn Osaka-Shinsaibashi,06-7711-8203,https://maps.google.com/?cid=15268922662784536168,"1-chōme-12-23 Higashishinsaibashi, Chuo Ward, Osaka, 542-0083, Japan"
APA Hotel Shinjuku Gyoemmae,,https://maps.google.com/?cid=2338672678644461600,"2-chōme-2-8 Shinjuku, Shinjuku City, Tokyo 160-0022, Japan"
CANDEO HOTELS Hiroshima Hatchobori,082-511-1300,https://maps.google.com/?cid=16294118784322024507,"14-1 Hatchōbori, Naka Ward, Hiroshima, 730-0013, Japan"
Hotel New Otani Tokyo The Main,03-3265-1111,https://maps.google.com/?cid=17634234249071680725,"4-1 Kioichō, Chiyoda City, Tokyo 102-8578, Japan"
Washington Hotel Kansai Airport,072-461-2222,https://maps.google.com/?cid=1070941223550663047,"Japan, 〒598-8522 Osaka, Izumisano, Rinkūōraikita, １−７"
Hotel Resol Trinity Hakata,092-282-9269,https://maps.google.com/?cid=3213422448484290220,"4-chōme-4-10 Nakasu, Hakata Ward, Fukuoka, 810-0801, Japan"
Luxury hotel SOWAKA,075-541-5323,https://maps.google.com/?cid=3046628050993449764,"480 Kiyoichō, Higashiyama Ward, Kyoto, 605-0821, Japan"
the b Osaka-Shinsekai,06-6630-7535,https://maps.google.com/?cid=13929364641286954527,"2-chōme-1-24 Ebisuhigashi, Naniwa Ward, Osaka, 556-0002, Japan"
Noku Osaka,06-6351-2800,https://maps.google.com/?cid=434341992106689214,"2-chōme-10-13 Tenma, Kita Ward, Osaka, 530-0043, Japan"
APA Hotel Ginza Kyobashi minami,0570-042-911,https://maps.google.com/?cid=17947424755442990987,"3-chōme-11-2 Kyōbashi, Chuo City, Tokyo 104-0031, Japan"
Hotel New Wakasa,0742-23-5858,https://maps.google.com/?cid=5371431527843350896,"Hotel New Wakasa, 1-3-1 Kitahanda Higashimachi, Nara, 630-8274, Japan"
Piazza Hotel Nara,0742-30-2200,https://maps.google.com/?cid=17927934194790745137,"11-11-20 Sanjōhonmachi, Nara, 630-8122, Japan"
Vessel Inn Namba,06-6211-7071,https://maps.google.com/?cid=7156638348432096351,"2-chōme-2-18 Dōtonbori, Chuo Ward, Osaka, 542-0071, Japan"
La Tour Mejiro Otomeyama,0120-041-256,https://maps.google.com/?cid=10709067936444113871,"2-chōme-13-22 Shimoochiai, Shinjuku City, Tokyo 161-0033, Japan"
HOTEL RESOL TRINITY OSAKA,06-6229-9269,https://maps.google.com/?cid=13727323688890617063,"2-chōme-6-6 Kōraibashi, Chuo Ward, Osaka, 541-0043, Japan"
fav TOKYO NISHINIPPORI,050-1793-9805,https://maps.google.com/?cid=15137757020102169621,"5-chōme-31-6 Nishinippori, Arakawa City, Tokyo 116-0013, Japan"
Grand Hyatt Tokyo,03-4333-1234,https://maps.google.com/?cid=10747951827964159153,"6-chōme-10-3 Roppongi, Minato City, Tokyo 106-0032, Japan"
Hotel Gracery Osaka Namba,06-7639-9933,https://maps.google.com/?cid=2412365023949380360,"1-chōme-4-4 Motomachi, Naniwa Ward, Osaka, 556-0016, Japan"
Daiwa Roynet Hotel Hakata-Gion,092-281-3600,https://maps.google.com/?cid=11916223501428610441,"Japan, 〒812-0038 Fukuoka, Hakata Ward, Gionmachi, 1−２４ １Ｆ"
HOTEL THE FLAG Shinsaibashi,06-6121-8111,https://maps.google.com/?cid=6462968384428424306,"1-chōme-18-30 Higashishinsaibashi, Chuo Ward, Osaka, 542-0083, Japan"
Beach Hotel Sunshine,0980-82-8611,https://maps.google.com/?cid=13116992157424176030,"2484 Arakawa, Ishigaki, Okinawa 907-0024, Japan"
Cross Hotel Kyoto,075-231-8831,https://maps.google.com/?cid=18068649322385535210,"71-1 Daikokuchō, Nakagyo Ward, Kyoto, 604-8031, Japan"
Shibuya Stream Hotel,03-3406-1090,https://maps.google.com/?cid=12241045898322553148,"3-chōme-21-3 Shibuya, Tokyo 150-0002, Japan"
The OneFive Osaka Namba Kuromon,0570-014-215,https://maps.google.com/?cid=2605689149812315770,"1-chōme-20-6 Nipponbashi, Chuo Ward, Osaka, 542-0073, Japan"
Osaka Marriott Miyako Hotel,06-6628-6111,https://maps.google.com/?cid=6479886573529209182,"1-chōme-1-43 Abenosuji, Abeno Ward, Osaka, 545-0052, Japan"
MIMARU TOKYO SHINJUKU WEST,03-6258-1512,https://maps.google.com/?cid=15607418906888136225,"3-chōme-3-11 Nishishinjuku, Shinjuku City, Tokyo 160-0023, Japan"
THE BLOSSOM KYOTO,075-754-8735,https://maps.google.com/?cid=14416140010948788850,"１４０番地２ Manjūjichō, Shimogyo Ward, Kyoto, 600-8104, Japan"
Ishigaki Seaside Hotel,0980-88-2421,https://maps.google.com/?cid=10762693875579906727,"154-12 Kabira, Ishigaki, Okinawa 907-0453, Japan"
Tokyu Stay Hakata,092-431-1091,https://maps.google.com/?cid=12494919495901234971,"1-chōme-11-11 Hakataekiminami, Hakata Ward, Fukuoka, 812-0016, Japan"
RIHGA PLACE Kyoto Shijokarasuma,075-342-1121,https://maps.google.com/?cid=18070534316656448081,"551 Sannōchō, Shimogyo Ward, Kyoto, 600-8424, Japan"
Four Seasons Hotel Tokyo at Otemachi,03-6810-0600,https://maps.google.com/?cid=17324430762746634398,"1-chōme-2-1 Ōtemachi, Chiyoda City, Tokyo 100-0004, Japan"
Smile Hotel Premium Osaka Hommachi,06-6261-7255,https://maps.google.com/?cid=2783867328360014073,"2-chōme-8-6 Minamisenba, Chuo Ward, Osaka, 542-0081, Japan"
the b hakata,092-415-3333,https://maps.google.com/?cid=16126559692814198127,"1-chōme-3-9 Hakataekiminami, Hakata Ward, Fukuoka, 812-0016, Japan"
Kobe Sannomiya Tokyu REI Hotel,078-291-0109,https://maps.google.com/?cid=8129755573400773413,"6-chōme-1-5 Kumoidōri, Chuo Ward, Kobe, Hyogo 651-0096, Japan"
"The Prince Gallery Tokyo Kioicho, a Luxury Collection Hotel",03-3234-1111,https://maps.google.com/?cid=11289201175564781058,"1-2 Kioichō, Chiyoda City, Tokyo 102-8585, Japan"
Southwest Grand Hotel,098-860-0421,https://maps.google.com/?cid=8560163016723193244,"Japan, 〒900-0015 Okinawa, Naha, Kumoji, 3-chōme−29−５２ Southwest Grand Hotel"
The Westin Yokohama,045-577-0888,https://maps.google.com/?cid=6723883077020572600,"4-chōme-2-8 Minatomirai, Nishi Ward, Yokohama, Kanagawa 220-0012, Japan"
Hotel Intergate Tokyo Kyobashi,03-5524-2929,https://maps.google.com/?cid=12616451938177458332,"Japan, 〒104-0031 Tokyo, Chuo City, Kyōbashi, 3-chōme−7−８ ホテルインターゲート東京"
Toyoko Inn Hokkaido Sapporo-eki Nishi-guchi Hokudai Mae,011-717-1045,https://maps.google.com/?cid=3819136246872512416,"4-chōme-22-7 Kita 8 Jōnishi, Kita Ward, Sapporo, Hokkaido 060-0808, Japan"
Nozo Hotel,0167-23-1088,https://maps.google.com/?cid=7805860625234729899,"14-38 Kitanominechō, Furano, Hokkaido 076-0034, Japan"
Hotel New Otani Tokyo Garden Tower,03-3265-1111,https://maps.google.com/?cid=3421713921720380382,"Japan, 〒102-8578 Tokyo, Chiyoda City, Kioichō, 4−１ New Otani Garden Tower, ホテル"
Dai-ichi Hotel Ryogoku,03-5611-5211,https://maps.google.com/?cid=2537143897439569942,"Japan, 〒130-0015 Tokyo, Sumida City, Yokoami, 1-chōme−6−１ 第一ホテル両国"
Tokyu Stay Ikebukuro,03-3984-1091,https://maps.google.com/?cid=15702724757061183591,"2-chōme-12-2 Ikebukuro, Toshima City, Tokyo 171-0014, Japan"
TOKYU STAY Kyoto Sanjo-Karasuma,075-221-0109,https://maps.google.com/?cid=9040555948321412019,"392 Kakimotochō, Nakagyo Ward, Kyoto, 604-8173, Japan"
Kyoto Tokyu Hotel,075-341-2411,https://maps.google.com/?cid=2398164628489760369,"580 Kakimotochō, Shimogyo Ward, Kyoto, 600-8357, Japan"
Hotel Legasta - Higashiyama Sanjo,075-600-2550,https://maps.google.com/?cid=2223232968500860743,"49 Saikaishichō, Higashiyama Ward, Kyoto, 605-0012, Japan"
MeguroHoric Hotel,03-6420-0139,https://maps.google.com/?cid=10019918665408582796,"1-chōme-3-14 Meguro, Meguro City, Tokyo 153-0063, Japan"
HOTEL GRACERY ASAKUSA,03-6632-8981,https://maps.google.com/?cid=15804147311331525397,"2-chōme-10-2 Kaminarimon, Taito City, Tokyo 111-0034, Japan"
HOTEL GRAPHY NEZU,050-3138-2628,https://maps.google.com/?cid=6955171263224555104,"4-chōme-5-10 Ikenohata, Taito City, Tokyo 110-0008, Japan"
Hotel Hokke Club Osaka,06-6313-3171,https://maps.google.com/?cid=15026288433703440767,"12-19 Toganochō, Kita Ward, Osaka, 530-0056, Japan"
HOTEL ALL IN TOKYO ASAKUSABASHI ホテルオールイン東京浅草橋,03-3866-5530,https://maps.google.com/?cid=16856737163193050295,"4-chōme-3-3 Asakusabashi, Taito City, Tokyo 111-0053, Japan"
Hotel Yaenomidori Tokyo,03-6263-2020,https://maps.google.com/?cid=15945359261433757087,"Japan, 〒104-0032 Tokyo, Chuo City, Hatchōbori, 2-chōme−13−１ １４F"
the b Ginza,03-3543-1200,https://maps.google.com/?cid=5414376355423638243,"Japan, 〒104-0061 Tokyo, Chuo City, Ginza, 8-chōme−12−１３ the b ginza 1F"
Hotel Keihan Namba Grande,06-6646-0321,https://maps.google.com/?cid=14759403820646305366,"2-chōme-11-13 Nanbanaka, Naniwa Ward, Osaka, 556-0011, Japan"
Palace Hotel Tokyo,03-3211-5211,https://maps.google.com/?cid=1748987416538389436,"1-chōme-1-1 Marunouchi, Chiyoda City, Tokyo 100-0005, Japan"
Sotetsu Grand Fresa Takadanobaba,03-5291-8203,https://maps.google.com/?cid=12136263278537835856,"1-chōme-27-7 Takadanobaba, Shinjuku City, Tokyo 169-0075, Japan"
ANA InterContinental Tokyo by IHG,03-3505-1111,https://maps.google.com/?cid=7608217311535793583,"1-chōme-12-33 Akasaka, Minato City, Tokyo 107-0052, Japan"
VESSEL INN SHINSAIBASHI,06-6282-0303,https://maps.google.com/?cid=16898190510098572789,"2-chōme-12-11 Minamisenba, Chuo Ward, Osaka, 542-0081, Japan"
Daiwa Roynet Hotel Nishi-Shinjuku Premier,03-5909-8480,https://maps.google.com/?cid=17220133125875812100,"6-chōme-12-39 Nishishinjuku, Shinjuku City, Tokyo 160-0023, Japan"
Shinjuku Granbell Hotel,03-5155-2666,https://maps.google.com/?cid=16069024432421211389,"2-chōme-14-5 Kabukichō, Shinjuku City, Tokyo 160-0021, Japan"
Shibuya Tobu Hotel,03-3476-0111,https://maps.google.com/?cid=8630401815959937227,"Japan, 〒150-0042 Tokyo, Shibuya, Udagawachō, 3−３ ホーム 1"
MIMARU KYOTO KAWARAMACHI GOJO,075-744-6750,https://maps.google.com/?cid=11156152054423249623,"17-1 Hiraichō, Shimogyo Ward, Kyoto, 600-8118, Japan"
Hotel Jal City Nagoya Nishiki,052-204-2580,https://maps.google.com/?cid=15105044411469610137,"1-chōme-16-36 Nishiki, Naka Ward, Nagoya, Aichi 460-0003, Japan"
THE MACHIYA EBISUYA,075-365-2333,https://maps.google.com/?cid=9639633996698576107,"192-1 Ebisuyachō, Shimogyo Ward, Kyoto, 600-8062, Japan"
Pullman Tokyo Tamachi,03-6400-5855,https://maps.google.com/?cid=7816644133335073092,"Japan, 〒108-0023 Tokyo, Minato City, Tokyo3-chōme−1−２１ Shibaura Minato"
Comfort Hotel Kyoto Horikawagojo,075-361-7411,https://maps.google.com/?cid=17823135621636469425,"134-32 Sensuichō, Shimogyo Ward, Kyoto, 600-8338, Japan"
Nagoya Tokyu Hotel,052-251-2411,https://maps.google.com/?cid=7825943942361778607,"4-chōme-6-8 Sakae, Naka Ward, Nagoya, Aichi 460-0008, Japan"
Miyako Hotel Hakata,092-441-3111,https://maps.google.com/?cid=8104812217387566281,"2-chōme-1-1 Hakataekihigashi, Hakata Ward, Fukuoka, 812-0013, Japan"
Hotel Oriental Express Osaka Shinsaibashi,06-6243-8111,https://maps.google.com/?cid=13170939841258288597,"3-chōme-2-13 Minamisenba, Chuo Ward, Osaka, 542-0081, Japan"
Andaz Tokyo Toranomon Hills,03-6830-1234,https://maps.google.com/?cid=17046648933859780632,"Toranomon Hills Mori Tower 51st Floor, １丁目-２３-4 虎ノ門 港区 東京都 105-0001, Japan"
Hilton Tokyo Odaiba,03-5500-5500,https://maps.google.com/?cid=11304485763304987514,"1-chōme-9-1 Daiba, Minato City, Tokyo 135-8625, Japan"
Henn na Hotel Tokyo Asakusabashi,050-5894-3780,https://maps.google.com/?cid=4662744355777102674,"1-chōme-10-5 Asakusabashi, Taito City, Tokyo 111-0053, Japan"
Kanazawa Chaya Ryokan,0120-378-223,https://maps.google.com/?cid=9073569607537610153,"2-chōme-17-21 Honmachi, Kanazawa, Ishikawa 920-0853, Japan"
Tokyo Dome Hotel,03-5805-2111,https://maps.google.com/?cid=2767018623594383164,"1-chōme-3-61 Kōraku, Bunkyo City, Tokyo 112-8562, Japan"
横綱 Hotel - Stay SAKURA Tokyo Asakusa,050-2018-7882,https://maps.google.com/?cid=1743112617387367769,"Japan, 〒111-0032 Tokyo, Taito City, Asakusa, 3-chōme−30−５ 九重ビル"
KOKO HOTEL Osaka Shinsekai,06-6575-9290,https://maps.google.com/?cid=71738715316642889,"3-chōme-6-16 Ebisuhigashi, Naniwa Ward, Osaka, 556-0002, Japan"
THE BLOSSOM HAKATA Premier,092-431-8702,https://maps.google.com/?cid=12694098749512981652,"2-chōme-8-12 Hakata Ekimae, Hakata Ward, Fukuoka, 812-0011, Japan"
LANDABOUT TOKYO,03-6802-4431,https://maps.google.com/?cid=2963778693379446930,"Japan, 〒110-0003 Tokyo, Taito City, Negishi, 3-chōme−4−５ ランダバウト東京 1階"
The Lively Osaka Honmachi,050-3138-1988,https://maps.google.com/?cid=15782742866602751444,"1-chōme-5-11 Minamihonmachi, Chuo Ward, Osaka, 541-0054, Japan"
Hyatt Regency Kyoto,075-541-1234,https://maps.google.com/?cid=7917163248226716219,"644-2 Sanjūsangendōmawari, Higashiyama Ward, Kyoto, 605-0941, Japan"
Hotel Granvia Kyoto,075-344-8888,https://maps.google.com/?cid=12942737089437498338,"JR京都駅 Central Entrance, Higashishiokōjichō, Shimogyo Ward, Kyoto, 600-8216, Japan"
Hotel Monterey Grasmere Osaka,06-6645-7111,https://maps.google.com/?cid=11801764483374970226,"1-chōme-2-3 Minatomachi, Naniwa Ward, Osaka, 556-0017, Japan"
HOSHINOYA Tokyo,050-3134-8091,https://maps.google.com/?cid=452005950262881873,"1-chōme-9-1 Ōtemachi, Chiyoda City, Tokyo 100-0004, Japan"
Best Western Plus Fukuoka Tenjin-minami,092-718-7700,https://maps.google.com/?cid=16738724378468873467,"3-chōme-13-19 Haruyoshi, Chuo Ward, Fukuoka, 810-0003, Japan"
Hotel Alps,06-6634-5489,https://maps.google.com/?cid=10671335306596613465,"Japan, 〒542-0075 Osaka, Chuo Ward, Nanbasennichimae, 2−２５ ホテルアルプス"
Momiji-ya Annex Kawa-no-Iori,075-871-1005,https://maps.google.com/?cid=10416447265448046985,"Umegahata Nishinohatacho, Ukyo Ward, Kyoto, 616-8289, Japan"
Utano Youth Hostel,075-462-2288,https://maps.google.com/?cid=10955663731743392633,"Japan, 〒616-8191 Kyoto, Ukyo Ward, Uzumasa Nakayamachō, 29−２９ 京都／宇多野ユースホステル"
Hotel ARU Kyoto Sanjo Kiyamachi-dori,075-252-2207,https://maps.google.com/?cid=13647624096483962562,"48番地 Daikokuchō, Nakagyo Ward, Kyoto, 604-8031, Japan"
KOKO HOTEL Asakusa Komagata,03-6777-1188,https://maps.google.com/?cid=6278027637385623405,"2-chōme-7-5 Komagata, Taito City, Tokyo 111-0043, Japan"
Eurl Morvan Eric,06 18 96 59 94,https://maps.google.com/?cid=11690423130821053467,"11 Kergac, 29800 Saint-Thonan, France"
Via Inn Hiroshima Shinkansenguchi,082-568-5489,https://maps.google.com/?cid=15124145118521555332,"1-6 Matsubarachō, Minami Ward, Hiroshima, 732-0822, Japan"
ONSEN RYOKAN YUEN SHINJUKU,03-5361-8355,https://maps.google.com/?cid=15089180874106300711,"Japan, 〒160-0022 Tokyo, Shinjuku City, Shinjuku, 5-chōme−3−１８ 1F"
Kaneyoshi Ryokan,06-6211-6337,https://maps.google.com/?cid=17562356394521402662,"3-12 Souemonchō, Chuo Ward, Osaka, 542-0084, Japan"
Hashidate Bay Hotel,0772-46-6100,https://maps.google.com/?cid=14856344878734675986,"Japan, 〒629-2262 Kyoto, Yoza District, Yosano, Iwataki, ６８ 1F"
Sotetsu Fresa Inn Higashi-Shinjuku Ekimae,03-6892-2032,https://maps.google.com/?cid=14341387700799815479,"7-chōme-27-9 Shinjuku, Shinjuku City, Tokyo 160-0022, Japan"
Hotel Vista Sendai,022-385-6222,https://maps.google.com/?cid=12280096353435204907,"1-chōme-7-3 Tsutsujigaoka, Miyagino Ward, Sendai, Miyagi 983-0852, Japan"
DoubleTree by Hilton Kyoto Higashiyama,075-533-7070,https://maps.google.com/?cid=14994764279266727316,"1-chōme-45 Honmachi, Higashiyama Ward, Kyoto, 605-0981, Japan"
Itsukushima Iroha,0829-44-0168,https://maps.google.com/?cid=4163207993789114363,"589-4 Miyajimachō, Hatsukaichi, Hiroshima 739-0559, Japan"
Conrad Tokyo,03-6388-8000,https://maps.google.com/?cid=418504163438518498,"1-chōme-9-1 Higashishinbashi, Minato City, Tokyo 105-7337, Japan"
Shikitei,0742-22-5531,https://maps.google.com/?cid=4636571114560635757,"1163 Takabatakechō, Nara, 630-8301, Japan"
MIMARU TOKYO IKEBUKURO,03-5927-8877,https://maps.google.com/?cid=244788874131458442,"2-chōme-61-1 Ikebukuro, Toshima City, Tokyo 171-0014, Japan"
M's Hotel Kyoto Station Taruya,075-320-4137,https://maps.google.com/?cid=9016844435437676480,"381 Taruyachō, Shimogyo Ward, Kyoto, 600-8264, Japan"
Henna Hotel Fukuoka Hakata,050-5576-8380,https://maps.google.com/?cid=17632509070956093816,"5-chōme-4-19 Nakasu, Hakata Ward, Fukuoka, 810-0801, Japan"
the b akasaka,03-3586-0811,https://maps.google.com/?cid=4804467340798779371,"7-chōme-6-13 Akasaka, Minato City, Tokyo 107-0052, Japan"
Ibis Styles Tokyo Ginza East,03-3555-1230,https://maps.google.com/?cid=15087794101678190341,"Japan, 〒104-0041 Tokyo, Chuo City, Tokyo1-chōme−2−１３ Shintomi Chuo"
The Royal Park Canvas- Ginza Corridor,03-3573-1121,https://maps.google.com/?cid=9826485805895510751,"6-chōme-2-11 Ginza, Chuo City, Tokyo 104-0061, Japan"
lyf Tenjin Fukuoka,092-753-8695,https://maps.google.com/?cid=10278353110004852555,"Japan, 〒810-0021 Fukuoka, Chuo Ward, Imaizumi, 1-chōme−2−１３ 3F"
Ryokan Wakaba,0967-44-0500,https://maps.google.com/?cid=559260559974081118,"6431 Manganji, Minamioguni, Aso District, Kumamoto 869-2402, Japan"
Hotel Risveglio Akasaka,03-5549-2150,https://maps.google.com/?cid=6954252613220188327,"Japan, 〒107-0052 Tokyo, Minato City, Akasaka, 3-chōme−18−１ ホテルリズベリオ赤坂 １階"
OMO5 Tokyo Gotanda by Hoshino Resorts,050-3134-8095,https://maps.google.com/?cid=1597647237912251922,"8-chōme-4-13 Nishigotanda, Shinagawa City, Tokyo 141-0031, Japan"
OMO3 Asakusa by Hoshino Resorts,050-3134-8095,https://maps.google.com/?cid=16430815426086328946,"1-chōme-15-5 Hanakawado, Taito City, Tokyo 111-0033, Japan"
MIMARU Tokyo Ueno Inaricho,03-5246-4637,https://maps.google.com/?cid=14433516316581354060,"5-chōme-8-2 Higashiueno, Taito City, Tokyo 110-0015, Japan"
OMO3 Tokyo Akasaka by Hoshino Resorts,050-3134-8095,https://maps.google.com/?cid=5458771663436051778,"4-chōme-3-2 Akasaka, Minato City, Tokyo 107-0052, Japan"
The Gate Hotel Ryogoku by HULIC,03-5637-7041,https://maps.google.com/?cid=8754763629832269849,"1-chōme-2-13 Yokoami, Sumida City, Tokyo 130-0015, Japan"
Rakuten STAY 博多祇園,03-4405-0568,https://maps.google.com/?cid=14590199482716032053,"12-31 Kamigofukumachi, Hakata Ward, Fukuoka, 812-0036, Japan"
Onyado Nono Asakusa Bettei,03-5830-0130,https://maps.google.com/?cid=13268580857223876859,"2-chōme-7-26 Asakusa, Taito City, Tokyo 111-0032, Japan"
Moxy Osaka Umeda,06-6743-4971,https://maps.google.com/?cid=7236521640553312355,"7-chōme-22-1 Fukushima, Fukushima Ward, Osaka, 553-0003, Japan"
The Aoyama Grand Hotel,03-6271-5430,https://maps.google.com/?cid=15600523282071752678,"2-chōme-14-4 Kitaaoyama, Minato City, Tokyo 107-0061, Japan"
Mitsui Garden Hotel Jingugaien Tokyo PREMIER,03-5786-1531,https://maps.google.com/?cid=6116133225787996199,"11-3 Kasumigaokamachi, Shinjuku City, Tokyo 160-0013, Japan"
MIMARU Osaka Namba North,06-6648-8730,https://maps.google.com/?cid=10110503516046307181,"1-chōme-2-10 Minamihorie, Nishi Ward, Osaka, 550-0015, Japan"
Belken Hotel - Kanda,03-3254-1115,https://maps.google.com/?cid=5114227335264486656,"Japan, 〒101-0041 Tokyo, Chiyoda City, Kanda Sudachō, 1-chōme−4−７ ベルケンホテル神田"
La'gent Hotel Osaka Bay,06-4804-1771,https://maps.google.com/?cid=7430931585443688039,"1-chōme-1-57 Sakurajima, Konohana Ward, Osaka, 554-0031, Japan"
Ohashikan,0852-21-5168,https://maps.google.com/?cid=10225568648042875007,"Japan, 〒690-0843 Shimane, Matsue, Suetsuguhonmachi, ４０−４０"
The Royal Park Hotel Tokyo Shiodome,03-6253-1111,https://maps.google.com/?cid=12287529666164752058,"1-chōme-6-3 Higashishinbashi, Minato City, Tokyo 105-8333, Japan"
MIMARU Osaka Namba Station,06-6567-8237,https://maps.google.com/?cid=2372471974843682160,"3-chōme-6-24 Nipponbashi, Naniwa Ward, Osaka, 556-0005, Japan"
Marunouchi Hotel,03-3217-1111,https://maps.google.com/?cid=12010051897707772702,"1-chōme-6-3 Marunouchi, Chiyoda City, Tokyo 100-0005, Japan"
Isaribi-no-Yado Seaside Kancho,073-444-0111,https://maps.google.com/?cid=2088939317410278843,"82 Tano, Wakayama, 641-0061, Japan"
TRUNK(HOTEL),03-5766-3210,https://maps.google.com/?cid=5099426282963219760,"5-chōme-31-31 Jingūmae, Shibuya, Tokyo 150-0001, Japan"
House Ikebukuro,03-3984-3399,https://maps.google.com/?cid=5892167672984103922,"2-chōme-20-1 Ikebukuro, Toshima City, Tokyo 171-0014, Japan"
illi Lay Shibuya-Ebisu,050-1720-7210,https://maps.google.com/?cid=7001338132437309132,"Japan, 〒150-0011 Tokyo, Shibuya, Higashi, 3-chōme−23−４ ゼネラルビル渋谷東 3F"
The Centurion Hotel Classic Akasaka,03-5545-5571,https://maps.google.com/?cid=6608485276287767521,"3-chōme-11-8 Akasaka, Minato City, Tokyo 107-0052, Japan"
Nohga Hotel Kiyomizu Kyoto,075-323-7120,https://maps.google.com/?cid=183515106079291006,"4-chōme-450-1 Gojōbashihigashi, Higashiyama Ward, Kyoto, 605-0846, Japan"
karaksa hotel TOKYO STATION,03-3243-6602,https://maps.google.com/?cid=7483644386499166747,"1-chōme-5-3 Yaesu, Chuo City, Tokyo 103-0028, Japan"
remm AKIHABARA,03-3254-0606,https://maps.google.com/?cid=18100256653819820073,"1-chōme-6-5 Kanda Sakumachō, Chiyoda City, Tokyo 101-0025, Japan"
MIMARU Kyoto Nijo Castle,075-585-5516,https://maps.google.com/?cid=12880533698512465446,"249 Tsuboyachō, Nakagyo Ward, Kyoto, 604-8255, Japan"
hotel MONday Premium Ueno Okachimachi,03-5816-8681,https://maps.google.com/?cid=7510929976068697801,"3-chōme-41-7 Taitō, Taito City, Tokyo 110-0016, Japan"
Apa Hotel Asakusa Kaminarimon Minami,0570-023-411,https://maps.google.com/?cid=12283674744383476820,"2-chōme-9-1 Kaminarimon, Taito City, Tokyo 111-0034, Japan"
Kitahama Sumiyoshi,087-821-1810,https://maps.google.com/?cid=2599607453782231658,"5-15 Kitahamachō, Takamatsu, Kagawa 760-0031, Japan"
APA Hotel Ueno Inaricho-Eki-Kita,0570-021-511,https://maps.google.com/?cid=2619536592028871900,"5-chōme-10-8 Higashiueno, Taito City, Tokyo 110-0015, Japan"
OMO5 Kyoto Sanjo by Hoshino Resorts,050-3134-8095,https://maps.google.com/?cid=5741580188896241470,"434-1 Ebisuchō, Nakagyo Ward, Kyoto, 604-8005, Japan"
Hotel Universal Port,050-1792-7748,https://maps.google.com/?cid=15398724847078069765,"Hotel Universal Port, 1-chōme-1-111 Sakurajima, Konohana Ward, Osaka, 554-0031, Japan"
Kyoto Brighton Hotel,075-441-4411,https://maps.google.com/?cid=16704327736106997773,"330 Shiteichō, Kamigyo Ward, Kyoto, 602-8071, Japan"
Mitsui Garden Hotel Kyōto Shijō,075-361-5531,https://maps.google.com/?cid=7588356416758709576,"707-1 Myōdenjichō, Shimogyo Ward, Kyoto, 600-8472, Japan"
Waseda Daigaku-mae Post Office,03-3203-5530,https://maps.google.com/?cid=6214074619503142977,"Japan, 〒162-0041 東京都新宿区早稲田鶴巻町５３３"
Minato Shirokanedai Post Office,03-3441-9838,https://maps.google.com/?cid=3037192122117726703,"3-chōme-2-10 Shirokanedai, Minato City, Tokyo 108-0071, Japan"
Akihabara Washington Hotel,03-3255-3311,https://maps.google.com/?cid=3197174537530999417,"Japan, 〒101-0025 Tokyo, Chiyoda City, Kanda Sakumachō, 1-chōme−８−３"
Gion Misen,075-525-7035,https://maps.google.com/?cid=2786338106766236133,"219-2 Nishinochō, Higashiyama Ward, Kyoto, 605-0088, Japan"
"Hotel Indigo Nagasaki Glover Street, an IHG Hotel",095-895-9510,https://maps.google.com/?cid=12436252807261624389,"12-17 Minamiyamatemachi, Nagasaki, 850-0931, Japan"
Quintessa Hotel Tokyo Ginza,03-6264-1350,https://maps.google.com/?cid=1906417977957850164,"番4号, 4-chōme-11-11 Ginza, Chuo City, Tokyo 104-0061, Japan"
Cerulean Tower Tokyu Hotel,03-3476-3000,https://maps.google.com/?cid=9913510466022137652,"26-1 Sakuragaokachō, Shibuya, Tokyo 150-8512, Japan"
MIMARU Kyoto Shijo West (Formerly Known as MIMARU Kyoto Nishinotoin Takatsuji),075-744-6035,https://maps.google.com/?cid=11211588263275178335,"782 Honryūsuichō, Shimogyo Ward, Kyoto, 600-8462, Japan"
Nikko Hoshinoyado - Ryokan,0288-54-1105,https://maps.google.com/?cid=18119058349040511230,"1115 Kamihatsuishimachi, Nikko, Tochigi 321-1401, Japan"
S-peria Hotel Hakata,092-412-7272,https://maps.google.com/?cid=2467347307972641849,"2-chōme-11-4 Hakata Ekimae, Hakata Ward, Fukuoka, 812-0011, Japan"
Hotel JAL City Tokyo Toyosu,03-5962-4000,https://maps.google.com/?cid=8683056560468245237,"6-chōme-4-20 Toyosu, Koto City, Tokyo 135-0061, Japan"
All Day Place Shibuya,03-6452-6830,https://maps.google.com/?cid=13230716330100783547,"1-chōme-17-1 Shibuya, Tokyo 150-0002, Japan"
JR Inn Hakodate,0138-22-2333,https://maps.google.com/?cid=7462042706568881454,"12-14 Wakamatsuchō, Hakodate, Hokkaido 040-0063, Japan"
Hotel Sunroute Ginza,03-5579-9733,https://maps.google.com/?cid=18443228060374440932,"1-chōme-15-11 Ginza, Chuo City, Tokyo 104-0061, Japan"
Toshi Center Hotel,03-3265-8211,https://maps.google.com/?cid=7938955895640319958,"2-chōme-4-1 Hirakawachō, Chiyoda City, Tokyo 102-0093, Japan"
Shangri-La Tokyo,03-6739-7888,https://maps.google.com/?cid=10317474368570667506,"MARUNOUCHI TRUST TOWER MAIN, 1-chōme-8-3 Marunouchi, Chiyoda City, Tokyo 100-8283, Japan"
Hotel Route-inn Grand Tokyo-Asakusabashi,050-5864-0363,https://maps.google.com/?cid=17578208240484866647,"2-chōme-29-29番14号 Asakusabashi, Taito City, Tokyo 111-0053, Japan"
Hotel SUI Akasaka by ABEST,03-3585-8700,https://maps.google.com/?cid=14693261146275894809,"2-chōme-17-55 Akasaka, Minato City, Tokyo 107-0052, Japan"
YOTEL Tokyo Ginza,03-6274-6301,https://maps.google.com/?cid=16106272836888882331,"1-chōme-7-7 Shinbashi, Minato City, Tokyo 105-0004, Japan"
Shijo Kawaramachi Onsen Sora Niwa Terrace Kyoto,075-352-4000,https://maps.google.com/?cid=14008756460352383186,"324番地 Inarichō, Shimogyo Ward, Kyoto, 600-8022, Japan"
メルキュール東京日比谷,03-3503-5051,https://maps.google.com/?cid=1945403997496783269,"1-chōme-5-2 Uchisaiwaichō, Chiyoda City, Tokyo 100-0011, Japan"
hotel MONday AKIHABARA-ASAKUSABASHI,03-5835-3220,https://maps.google.com/?cid=2796218967226368424,"2-chōme-29-12 Asakusabashi, Taito City, Tokyo 111-0053, Japan"
VESSEL HOTEL CAMPANA KYOTO GOJO,075-353-1000,https://maps.google.com/?cid=14285234353003428871,"Japan, 〒600-8180 Kyoto, Shimogyo Ward, Shimomanjūjichō, 498番地"
Imperial Hotel Tokyo,03-3504-1111,https://maps.google.com/?cid=14282979487433625254,"1-chōme-1-1 Uchisaiwaichō, Chiyoda City, Tokyo 100-8558, Japan"
Candeo Hotels Ueno Koen,03-5808-6100,https://maps.google.com/?cid=9444096840103356849,"1-chōme-2-13 Negishi, Taito City, Tokyo 110-0003, Japan"
Hotel Gracery Osaka Namba,06-7639-9933,https://maps.google.com/?cid=2412365023949380360,"1-chōme-4-4 Motomachi, Naniwa Ward, Osaka, 556-0016, Japan"
KOKO HOTEL Hakata Shinkansenguchi,092-431-0111,https://maps.google.com/?cid=11801032136475374461,"1-chōme-17-17 Hakataekihigashi, Hakata Ward, Fukuoka, 812-0013, Japan"
Hotel Metropolitan Edmont,03-3237-1111,https://maps.google.com/?cid=1907153616724399869,"3-chōme-10-8 Iidabashi, Chiyoda City, Tokyo 102-8130, Japan"
THE MACHIYA EBISUYA,075-365-2333,https://maps.google.com/?cid=9639633996698576107,"192-1 Ebisuyachō, Shimogyo Ward, Kyoto, 600-8062, Japan"
MIMARU Tokyo Kinshicho,03-6659-6704,https://maps.google.com/?cid=5424502785856401123,"4-chōme-11-5 Kōtōbashi, Sumida City, Tokyo 130-0022, Japan"
Daiwa Roynet Hotel Nishi-Shinjuku Premier,03-5909-8480,https://maps.google.com/?cid=17220133125875812100,"6-chōme-12-39 Nishishinjuku, Shinjuku City, Tokyo 160-0023, Japan"
The International House of Japan,03-3470-4611,https://maps.google.com/?cid=9414788431418281938,"Japan, 〒106-0032 Tokyo, Minato City, Roppongi, 5-chōme−11−１６ 国際文化会館"
kyoto shinmachi rokkaku hotel grandereverie,075-211-1770,https://maps.google.com/?cid=11532476653562541443,"120 Tamakurachō, Nakagyo Ward, Kyoto, 604-8211, Japan"
Oakwood Hotel & Apartments Azabu Tokyo,03-6807-4906,https://maps.google.com/?cid=13347757557219901863,"3-chōme-10-5 Higashiazabu, Minato City, Tokyo 106-0044, Japan"
Hotel Forza Kanazawa,076-222-7411,https://maps.google.com/?cid=16033686053075870066,"Japan, 〒920-0854 Ishikawa, Kanazawa, Yasuechō, ２−１０"
MIMARU Kyoto Shinmachi Sanjo,075-606-5013,https://maps.google.com/?cid=14252535583798897126,"105 Machigashirachō, Nakagyo Ward, Kyoto, 604-8206, Japan"
Hotel Forza Kyoto Shijo Kawaramachi,075-254-8251,https://maps.google.com/?cid=6936176849887893271,"25-1 Tachiuri Higashimachi, Shimogyo Ward, Kyoto, 600-8005, Japan"
Kurashiki Kokusai Hotel,086-422-5141,https://maps.google.com/?cid=10181766844638474465,"1-chōme-1-44 Chūō, Kurashiki, Okayama 710-0046, Japan"
HOTEL RINGS KYOTO,075-746-2920,https://maps.google.com/?cid=278548942939375706,"393番地 Kabutoyachō, Nakagyo Ward, Kyoto, 604-8114, Japan"
Hotel Kanra Kyoto,075-344-3815,https://maps.google.com/?cid=10931872564241260997,"190 Kitamachi, Shimogyo Ward, Kyoto, 600-8176, Japan"
Via Inn Shinagawa Oimachi,03-5718-5489,https://maps.google.com/?cid=867922374715839442,"4-chōme-3-1 Ōi, Shinagawa City, Tokyo 140-0014, Japan"
MIMARU SUITES TOKYO NIHOMBASHI,03-6661-7821,https://maps.google.com/?cid=12692871806978298971,"2-chōme-10-9 Nihonbashihoridomechō, Chuo City, Tokyo 103-0012, Japan"
Miyajima Grand Hotel Arimoto,0829-44-2411,https://maps.google.com/?cid=5707279378417442278,"Japan, 〒739-0522 Hiroshima, Hatsukaichi, Miyajimachō, 南町３６４"
NextStage株式会社,06-6263-3700,https://maps.google.com/?cid=13712721028221496898,"Japan, 〒541-0057 Osaka, Chuo Ward, Kitakyūhōjimachi, 2-chōme−1−１０ SD 船場 ビル 4A"
APA Hotel Namba Shinsaibashi East,,https://maps.google.com/?cid=946145594871126472,"1-chōme-7-10 Higashishinsaibashi, Chuo Ward, Osaka, 542-0083, Japan"
KOKO HOTEL Premier Hakata,092-472-0211,https://maps.google.com/?cid=13228372355901185598,"ゲートスクエア博多駅前, 2-chōme-5-33 Hakataekihigashi, Hakata Ward, Fukuoka, 812-0013, Japan"
OMO3 Kyoto Toji by Hoshino Resorts,050-3134-8095,https://maps.google.com/?cid=1034891808857204813,"11-6 Nishikujō Zaōchō, Minami Ward, Kyoto, 601-8414, Japan"
MIMARU SUITES KYOTO SHIJO,075-366-2490,https://maps.google.com/?cid=12841187871251560116,"717-1 Inabadōchō, Shimogyo Ward, Kyoto, 600-8415, Japan"
Hotel Code Shinsaibashi,06-6243-7000,https://maps.google.com/?cid=10180426261003368976,"1-chōme-16-30 Higashishinsaibashi, Chuo Ward, Osaka, 542-0083, Japan"
Shibuya Hotel En,03-5489-1010,https://maps.google.com/?cid=7328280548971700962,"1-1 Maruyamachō, Shibuya, Tokyo 150-0044, Japan"
Hotel Tavinos Asakusa,03-6837-6867,https://maps.google.com/?cid=6405430809816395985,"2-chōme-18-8 Asakusa, Taito City, Tokyo 111-0032, Japan"
MIMARU TOKYO STATION EAST,03-6262-8221,https://maps.google.com/?cid=1549061946044142298,"1-chōme-12-8 Hatchōbori, Chuo City, Tokyo 104-0032, Japan"
W Osaka,06-6484-5355,https://maps.google.com/?cid=2705746213831136029,"4-chōme-1-3 Minamisenba, Chuo Ward, Osaka, 542-0081, Japan"
S-peria Inn Nihonbashi Hakozaki,03-3527-2007,https://maps.google.com/?cid=12465247095770665825,"4-9 Nihonbashinakasu, Chuo City, Tokyo 103-0008, Japan"
Namba Oriental Hotel,06-6647-8111,https://maps.google.com/?cid=16312897819409257267,"2-chōme-8-17 Sennichimae, Chuo Ward, Osaka, 542-0074, Japan"
Nishitetsu Hotel Croom Hakata Gion,092-235-5050,https://maps.google.com/?cid=14919892634397891225,"6-30 Gionmachi, Hakata Ward, Fukuoka, 812-0038, Japan"
Hotel Nikko Nara,0742-35-8831,https://maps.google.com/?cid=12856522115828419766,"8-1 Sanjōhonmachi, Nara, 630-8122, Japan"
Shizutetsu Hotel Prezio Osaka-Shinsaibashi,06-6563-7330,https://maps.google.com/?cid=14457400625578549335,"4-chōme-6-1 Minamikyūhōjimachi, Chuo Ward, Osaka, 541-0058, Japan"
THE MACHIYA KAZAHAYA,075-354-7570,https://maps.google.com/?cid=9693838208276819753,"570-6 Kazahayachō, Shimogyo Ward, Kyoto, 600-8475, Japan"
&Here SHINJUKU,03-6384-2040,https://maps.google.com/?cid=15414129259335587673,"2-chōme-15-14-2 Shinjuku, Shinjuku City, Tokyo 160-0022, Japan"
MONday Apart Premium ASAKUSABASHI Sta.,03-5835-0861,https://maps.google.com/?cid=5644238151545171968,"1-chōme-5-2 Asakusabashi, Taito City, Tokyo 111-0053, Japan"
Toyoko Inn Osaka Namba Nippombashi,06-7668-1045,https://maps.google.com/?cid=12769804290027712843,"4-chōme-11-4 Nipponbashi, Naniwa Ward, Osaka, 556-0005, Japan"
Tokyu Stay Aoyama Premier,03-3497-0109,https://maps.google.com/?cid=145258875349740643,"2-chōme-27-18 Minamiaoyama, Minato City, Tokyo 107-0062, Japan"
SLOW RIDE SUMIDA,,https://maps.google.com/?cid=12653978505831170281,"3-chōme-26-3 Sumida, Sumida City, Tokyo 131-0031, Japan"
Hotel Kii Tanabe,0739-26-7000,https://maps.google.com/?cid=2291963058796213120,"2-chōme-7-16 Takao, Tanabe, Wakayama 646-0028, Japan"
Hotel Okura Fukuoka,092-262-1111,https://maps.google.com/?cid=16290748547030302394,"3-2 Shimokawabatamachi, Hakata Ward, Fukuoka, 812-0027, Japan"
Moxy Tokyo Kinshicho,03-5624-8801,https://maps.google.com/?cid=3569102858047834574,"3-chōme-4-2 Kōtōbashi, Sumida City, Tokyo 130-0022, Japan"
Minato City,,https://maps.google.com/?cid=3741362598490172588,"Minato City, Tokyo, Japan"
"BELLUSTAR TOKYO, A Pan Pacific Hotel",03-6233-8800,https://maps.google.com/?cid=11042329162015235224,"TOKYU KABUKICHO TOWER, 45F, 1-chōme-29-1 Kabukichō, Shinjuku City, Tokyo 160-0021, Japan"
VESSEL INN TAKADANOBABA STATION,03-3202-0088,https://maps.google.com/?cid=1904046610898604973,"Japan, 〒169-0075 Tokyo, Shinjuku City, Takadanobaba, 2-chōme−17−４ ベッセルイン"
DDD HOTEL,03-3668-0840,https://maps.google.com/?cid=4507326108144941878,"2-chōme-2-1 Nihonbashibakurochō, Chuo City, Tokyo 103-0002, Japan"
Hotel Hokke Club | Fukuoka,092-271-3171,https://maps.google.com/?cid=11992827762186021126,"3-chōme-1-90 Sumiyoshi, Hakata Ward, Fukuoka, 812-0018, Japan"
K5,03-5962-3485,https://maps.google.com/?cid=10906498574121315795,"Japan, 〒103-0026 Tokyo, Chuo City, Nihonbashikabutochō, 3−５ K5ビル 1階"
Hotel Ryumeikan Tokyo,03-3271-0971,https://maps.google.com/?cid=5753807278031089520,"Japan, 〒103-0028 Tokyo, Chuo City, Yaesu, 1-chōme−3−２２ 15階"
Hotel Villa Fontaine Grand Haneda Airport,03-6459-9770,https://maps.google.com/?cid=696425329294509955,"2-chōme-7-1 Hanedakūkō, Ota City, Tokyo 144-0041, Japan"
THE BASICS FUKUOKA,092-412-1234,https://maps.google.com/?cid=10586606448185876660,"2-chōme-14-1 Hakataekihigashi, Hakata Ward, Fukuoka, 812-0013, Japan"
Shinagawa Tobu Hotel,03-3447-0111,https://maps.google.com/?cid=10641674534992310512,"4-chōme-7-6 Takanawa, Minato City, Tokyo 108-0074, Japan"
CANDEO HOTELS Kyoto Karasuma Rokkaku,075-366-2377,https://maps.google.com/?cid=17353778654846936247,"Japan, 〒604-8164 Kyoto, Nakagyo Ward, 六角通 烏丸西入骨屋町１４９"
Eko-in Temple (Pilgrim's Lodging),0736-56-2514,https://maps.google.com/?cid=17557195955039242223,"497 Kōyasan, Koya, Ito District, Wakayama 648-0211, Japan"
Mitsui Garden Hotel Otemachi,03-3254-3131,https://maps.google.com/?cid=5847572031324634300,"2-chōme-1-2 Uchikanda, Chiyoda City, Tokyo 101-0047, Japan"
Miyako City Osaka Hommachi,06-6263-0385,https://maps.google.com/?cid=5095975291468783110,"1-chōme-8-7 Kitakyūhōjimachi, Chuo Ward, Osaka, 541-0057, Japan"
Isabelle Dumazet,06 14 45 43 36,https://maps.google.com/?cid=14913733485903994514,"21 Rue Michelet, 69210 L'Arbresle, France"
Candeo Hotels Tokyo Roppongi,03-5413-6950,https://maps.google.com/?cid=11201027154029476669,"6-chōme-7-11 Roppongi, Minato City, Tokyo 106-0032, Japan"
Urban Hotel Kyoto Gojo Premium,075-406-1785,https://maps.google.com/?cid=14056084209339486253,"87番地 Koizumichō, Shimogyo Ward, Kyoto, 600-8480, Japan"
Mitsui Garden Hotel Kyobashi,03-3231-3131,https://maps.google.com/?cid=11189517027243253602,"1-chōme-3-6 Kyōbashi, Chuo City, Tokyo 104-0031, Japan"
Citadines Harbour Front Yokohama,045-680-3322,https://maps.google.com/?cid=18150701409689503880,"5-2 Nihonōdōri, Naka Ward, Yokohama, Kanagawa 231-0021, Japan"
Karaksa Hotel Sapporo,011-204-6602,https://maps.google.com/?cid=17225000830785809208,"5-chōme-24 Minami 3 Jōnishi, Chuo Ward, Sapporo, Hokkaido 060-0063, Japan"
remm plus Ginza,03-6866-0606,https://maps.google.com/?cid=15566096224848749635,"8-chōme-11-11 Ginza, Chuo City, Tokyo 104-0061, Japan"
Les Mordus de Viande - LMDV Boucherie,07 64 21 94 64,https://maps.google.com/?cid=13410583164762076314,"38 Av. Gambetta, 93170 Bagnolet, France"
Bourou Noguchi Hakodate Ryokan,,https://maps.google.com/?cid=5232471255531210604,"Japan, 〒042-0932 Hokkaido, Hakodate, Yunokawachō, 1-chōme−17−２２ 望楼ＮＯＧＵＣＨＩ函館"
HOTEL VISTA PREMIO KYOTO Nagomitei,075-252-1666,https://maps.google.com/?cid=11976854713304515621,"371 Rokkakuchō, Nakagyo Ward, Kyoto, 604-8212, Japan"
OMO3 Asakusa by Hoshino Resorts,050-3134-8095,https://maps.google.com/?cid=16430815426086328946,"1-chōme-15-5 Hanakawado, Taito City, Tokyo 111-0033, Japan"
Hotel Monterey Hanzomon,03-3556-7111,https://maps.google.com/?cid=14726117268591618514,"23-1 Ichibanchō, Chiyoda City, Tokyo 102-0082, Japan"
KOKO HOTEL Ikebukuro,03-3988-7788,https://maps.google.com/?cid=13315176578612687473,"3-chōme-7-１ Higashiikebukuro, Toshima City, Tokyo 170-0013, Japan"
Nishitetsu Grand Hotel,092-781-0711,https://maps.google.com/?cid=1706255578284454792,"2-chōme-6-60 Daimyō, Chuo Ward, Fukuoka, 810-0041, Japan"
Sankoku Bashira by Japan Experience,,https://maps.google.com/?cid=6319248875011546320,"610 Sasayachō 3chōme, Kamigyo Ward, Kyoto, 602-8453, Japan"